video_file,frame_number,timestamp_seconds,class_id,class_name,confidence,bbox_x1,bbox_y1,bbox_x2,bbox_y2,bbox_width,bbox_height,latitude,longitude,elevation,gps_time
downloaded_videos/0092_Bill_Williams_Rd_0.mp4,0,0.0,1,patches,0.41425248980522156,322,526,1100,610,778,84,34.17348224669695,-86.54997655190527,246.03619384765625,2016-10-18T19:47:45Z
downloaded_videos/0092_Bill_Williams_Rd_0.mp4,1,0.033367,1,patches,0.3493475019931793,326,532,1104,626,778,94,34.1734783955561,-86.54997663580812,245.9785628285726,2016-10-18T19:47:45.033367Z
downloaded_videos/0092_Bill_Williams_Rd_0.mp4,2,0.066733,1,patches,0.3459929823875427,151,545,1101,643,950,98,34.17347454441525,-86.54997671971097,245.92093180948893,2016-10-18T19:47:45.066733Z
downloaded_videos/0092_Bill_Williams_Rd_0.mp4,4,0.133467,1,patches,0.34918031096458435,128,588,309,648,181,60,34.17346684213355,-86.54997688751668,245.80566977132162,2016-10-18T19:47:45.133467Z
downloaded_videos/0092_Bill_Williams_Rd_0.mp4,6,0.2002,1,patches,0.31360670924186707,128,601,258,648,130,47,34.17345913985185,-86.54997705532237,245.6904077331543,2016-10-18T19:47:45.200200Z
downloaded_videos/0092_Bill_Williams_Rd_0.mp4,114,3.8038,2,alligator_crack,0.3153076171875,1071,484,1153,554,82,70,34.173124380050226,-86.54998188554495,241.49878697509766,2016-10-18T19:47:48.803800Z
downloaded_videos/0092_Bill_Williams_Rd_0.mp4,202,6.740067,2,alligator_crack,0.4372602105140686,796,581,981,648,185,67,34.17283707643859,-86.54997902956232,240.77968159891765,2016-10-18T19:47:51.740067Z
downloaded_videos/0092_Bill_Williams_Rd_0.mp4,203,6.773433,2,alligator_crack,0.3477725088596344,766,414,915,647,149,233,34.17283367837314,-86.54997901278175,240.7869617192586,2016-10-18T19:47:51.773433Z
downloaded_videos/0092_Bill_Williams_Rd_0.mp4,206,6.873533,2,alligator_crack,0.6420385837554932,793,531,939,648,146,117,34.17282348417677,-86.54997896244005,240.80880208028157,2016-10-18T19:47:51.873533Z
downloaded_videos/0092_Bill_Williams_Rd_0.mp4,381,12.7127,2,alligator_crack,0.3575000464916229,627,317,800,645,173,328,34.17222504714411,-86.55000207174942,242.5737092590332,2016-10-18T19:47:57.712700Z
downloaded_videos/0092_Bill_Williams_Rd_0.mp4,382,12.746067,2,alligator_crack,0.45242902636528015,623,331,803,646,180,315,34.17222172738798,-86.55000226192921,242.58098988850912,2016-10-18T19:47:57.746067Z
downloaded_videos/0092_Bill_Williams_Rd_0.mp4,383,12.779433,2,alligator_crack,0.34491047263145447,630,338,797,646,167,308,34.17221840763185,-86.55000245210901,242.58827051798502,2016-10-18T19:47:57.779433Z
downloaded_videos/0092_Bill_Williams_Rd_0.mp4,385,12.846167,2,alligator_crack,0.30339521169662476,627,357,795,646,168,289,34.172211768119595,-86.55000283246859,242.60283177693685,2016-10-18T19:47:57.846167Z
downloaded_videos/0092_Bill_Williams_Rd_0.mp4,388,12.946267,2,alligator_crack,0.43708550930023193,605,440,801,647,196,207,34.17220180885121,-86.55000340300798,242.62467366536458,2016-10-18T19:47:57.946267Z
downloaded_videos/0092_Bill_Williams_Rd_0.mp4,389,12.979633,2,alligator_crack,0.493656724691391,608,448,791,647,183,199,34.17219848909509,-86.55000359318778,242.63195429484048,2016-10-18T19:47:57.979633Z
downloaded_videos/0092_Bill_Williams_Rd_0.mp4,390,13.013,2,alligator_crack,0.32870879769325256,619,470,799,647,180,177,34.172195147546006,-86.55000380080193,242.64065203857422,2016-10-18T19:47:58.013000Z
downloaded_videos/0092_Bill_Williams_Rd_0.mp4,391,13.046367,2,alligator_crack,0.423260360956192,631,493,800,648,169,155,34.17219177185465,-86.55000403572991,242.65156992797853,2016-10-18T19:47:58.046367Z
downloaded_videos/0092_Bill_Williams_Rd_0.mp4,443,14.781433,2,alligator_crack,0.44207894802093506,128,538,238,622,110,84,34.17201066849008,-86.55001736546774,242.67947731170653,2016-10-18T19:47:59.781433Z
downloaded_videos/0092_Bill_Williams_Rd_0.mp4,446,14.881533,2,alligator_crack,0.4243318438529968,128,482,245,648,117,166,34.171999828241766,-86.55001821288653,242.64308078308105,2016-10-18T19:47:59.881533Z
downloaded_videos/0092_Bill_Williams_Rd_0.mp4,447,14.9149,2,alligator_crack,0.33846515417099,128,508,238,648,110,140,34.17199621482566,-86.55001849535945,242.63094860687255,2016-10-18T19:47:59.914900Z
downloaded_videos/0092_Bill_Williams_Rd_0.mp4,466,15.548867,1,patches,0.3034147620201111,643,315,864,648,221,333,34.17192981418781,-86.5500242763944,242.6099975270589,2016-10-18T19:48:00.548867Z
downloaded_videos/0092_Bill_Williams_Rd_0.mp4,505,16.850167,2,alligator_crack,0.3184471130371094,623,380,774,647,151,267,34.17179494817275,-86.55003492055927,242.7572881596883,2016-10-18T19:48:01.850167Z
downloaded_videos/0092_Bill_Williams_Rd_0.mp4,520,17.350667,2,alligator_crack,0.38205385208129883,617,271,773,644,156,373,34.17174201697111,-86.55003794454038,242.71166705322267,2016-10-18T19:48:02.350667Z
downloaded_videos/0092_Bill_Williams_Rd_0.mp4,522,17.4174,2,alligator_crack,0.44852879643440247,625,250,770,646,145,396,34.17173489082232,-86.55003830252588,242.69832059020996,2016-10-18T19:48:02.417400Z
downloaded_videos/0092_Bill_Williams_Rd_0.mp4,523,17.450767,2,alligator_crack,0.4681834280490875,624,272,765,645,141,373,34.17173132774793,-86.55003848151863,242.69164735870362,2016-10-18T19:48:02.450767Z
downloaded_videos/0092_Bill_Williams_Rd_0.mp4,524,17.484133,2,alligator_crack,0.5297934412956238,616,280,768,645,152,365,34.171727764673534,-86.55003866051138,242.68497412719728,2016-10-18T19:48:02.484133Z
downloaded_videos/0092_Bill_Williams_Rd_0.mp4,525,17.5175,2,alligator_crack,0.5545893311500549,614,281,763,647,149,366,34.17172420159913,-86.55003883950413,242.6783008956909,2016-10-18T19:48:02.517500Z
downloaded_videos/0092_Bill_Williams_Rd_0.mp4,526,17.550867,2,alligator_crack,0.660031259059906,614,274,769,647,155,373,34.17172063852474,-86.55003901849688,242.67162766418457,2016-10-18T19:48:02.550867Z
downloaded_videos/0092_Bill_Williams_Rd_0.mp4,527,17.584233,2,alligator_crack,0.508880615234375,602,312,772,646,170,334,34.171717075450346,-86.55003919748962,242.66495443267823,2016-10-18T19:48:02.584233Z
downloaded_videos/0092_Bill_Williams_Rd_0.mp4,528,17.6176,2,alligator_crack,0.4868775010108948,610,311,774,647,164,336,34.17171351237595,-86.55003937648237,242.6582812011719,2016-10-18T19:48:02.617600Z
downloaded_videos/0092_Bill_Williams_Rd_0.mp4,530,17.684333,2,alligator_crack,0.38625267148017883,601,344,779,647,178,303,34.17170638622716,-86.55003973446786,242.64493473815918,2016-10-18T19:48:02.684333Z
downloaded_videos/0092_Bill_Williams_Rd_0.mp4,531,17.7177,2,alligator_crack,0.31063079833984375,597,352,780,648,183,296,34.17170282315276,-86.55003991346061,242.63826150665284,2016-10-18T19:48:02.717700Z
downloaded_videos/0092_Bill_Williams_Rd_0.mp4,533,17.784433,2,alligator_crack,0.32425737380981445,614,368,790,648,176,280,34.171695697003976,-86.55004027144611,242.62491504364013,2016-10-18T19:48:02.784433Z
downloaded_videos/0092_Bill_Williams_Rd_0.mp4,534,17.8178,2,alligator_crack,0.4396594762802124,620,359,788,646,168,287,34.17169213392958,-86.55004045043886,242.6182418121338,2016-10-18T19:48:02.817800Z
downloaded_videos/0092_Bill_Williams_Rd_0.mp4,543,18.1181,2,alligator_crack,0.35086414217948914,618,304,768,645,150,341,34.17166076909099,-86.55004148722999,242.55603286743164,2016-10-18T19:48:03.118100Z
downloaded_videos/0092_Bill_Williams_Rd_0.mp4,544,18.151467,2,alligator_crack,0.45494306087493896,615,317,772,646,157,329,34.171657404586675,-86.55004150401057,242.54875223795574,2016-10-18T19:48:03.151467Z
downloaded_videos/0092_Bill_Williams_Rd_0.mp4,545,18.184833,2,alligator_crack,0.5468038320541382,608,323,770,647,162,324,34.17165404008236,-86.55004152079113,242.5414716084798,2016-10-18T19:48:03.184833Z
downloaded_videos/0092_Bill_Williams_Rd_0.mp4,546,18.2182,2,alligator_crack,0.47940096259117126,600,334,771,646,171,312,34.17165067557804,-86.5500415375717,242.5341909790039,2016-10-18T19:48:03.218200Z
downloaded_videos/0092_Bill_Williams_Rd_0.mp4,549,18.3183,2,alligator_crack,0.3672574460506439,594,382,780,648,186,266,34.171640582065095,-86.55004158791341,242.51234909057618,2016-10-18T19:48:03.318300Z
downloaded_videos/0092_Bill_Williams_Rd_0.mp4,550,18.351667,2,alligator_crack,0.45932501554489136,600,405,778,648,178,243,34.171637217560786,-86.55004160469397,242.50506846110025,2016-10-18T19:48:03.351667Z
downloaded_videos/0092_Bill_Williams_Rd_0.mp4,551,18.385033,2,alligator_crack,0.46963366866111755,596,401,783,647,187,246,34.17163385305647,-86.55004162147455,242.49778783162435,2016-10-18T19:48:03.385033Z
downloaded_videos/0092_Bill_Williams_Rd_0.mp4,553,18.451767,2,alligator_crack,0.38707834482192993,604,335,793,646,189,311,34.17162712404784,-86.55004165503568,242.48322657267252,2016-10-18T19:48:03.451767Z
downloaded_videos/0092_Bill_Williams_Rd_0.mp4,558,18.6186,2,alligator_crack,0.4468858540058136,605,316,760,644,155,328,34.171610301526265,-86.55004173893855,242.44682342529296,2016-10-18T19:48:03.618600Z
downloaded_videos/0092_Bill_Williams_Rd_0.mp4,559,18.651967,2,alligator_crack,0.4618339538574219,602,326,766,650,164,324,34.17160693702195,-86.5500417557191,242.43954279581706,2016-10-18T19:48:03.651967Z
downloaded_videos/0092_Bill_Williams_Rd_0.mp4,565,18.852167,1,patches,0.36931541562080383,646,474,804,649,158,175,34.17158674999606,-86.55004185640253,242.3958590189616,2016-10-18T19:48:03.852167Z
downloaded_videos/0092_Bill_Williams_Rd_0.mp4,566,18.885533,1,patches,0.354192316532135,643,499,805,648,162,149,34.17158338549174,-86.5500418731831,242.38857838948567,2016-10-18T19:48:03.885533Z
downloaded_videos/0092_Bill_Williams_Rd_0.mp4,567,18.9189,1,patches,0.329146146774292,657,534,813,648,156,114,34.17158002098743,-86.55004188996367,242.38129776000977,2016-10-18T19:48:03.918900Z
downloaded_videos/0092_Bill_Williams_Rd_0.mp4,584,19.486133,2,alligator_crack,0.31226876378059387,594,275,743,646,149,371,34.1715185052082,-86.55004494604468,242.18684278564453,2016-10-18T19:48:04.486133Z
downloaded_videos/0092_Bill_Williams_Rd_0.mp4,585,19.5195,2,alligator_crack,0.7170499563217163,575,318,755,642,180,324,34.17151484424714,-86.55004515300504,242.17471060943603,2016-10-18T19:48:04.519500Z
downloaded_videos/0092_Bill_Williams_Rd_0.mp4,586,19.552867,2,alligator_crack,0.5446764230728149,581,289,749,646,168,357,34.171511183286086,-86.55004535996541,242.16257843322754,2016-10-18T19:48:04.552867Z
downloaded_videos/0092_Bill_Williams_Rd_0.mp4,587,19.586233,2,alligator_crack,0.588653564453125,577,332,733,647,156,315,34.17150752232503,-86.55004556692577,242.15044625701904,2016-10-18T19:48:04.586233Z
downloaded_videos/0092_Bill_Williams_Rd_0.mp4,588,19.6196,2,alligator_crack,0.45730191469192505,564,342,729,646,165,304,34.17150386136398,-86.55004577388614,242.13831408081055,2016-10-18T19:48:04.619600Z
downloaded_videos/0092_Bill_Williams_Rd_0.mp4,591,19.7197,2,alligator_crack,0.4306299090385437,561,322,729,646,168,324,34.17149287848081,-86.55004639476724,242.10191755218506,2016-10-18T19:48:04.719700Z
downloaded_videos/0092_Bill_Williams_Rd_0.mp4,592,19.753067,2,alligator_crack,0.33413347601890564,567,331,740,645,173,314,34.17148921751976,-86.5500466017276,242.08978537597656,2016-10-18T19:48:04.753067Z
downloaded_videos/0092_Bill_Williams_Rd_0.mp4,598,19.953267,1,patches,0.38152095675468445,590,432,774,648,184,216,34.171467251753434,-86.55004784348979,242.01699231872558,2016-10-18T19:48:04.953267Z
downloaded_videos/0092_Bill_Williams_Rd_0.mp4,600,20.02,1,patches,0.3470994532108307,597,481,785,649,188,168,34.171460010297594,-86.55004822220653,242.00036407470702,2016-10-18T19:48:05.020000Z
downloaded_videos/0092_Bill_Williams_Rd_0.mp4,606,20.2202,1,patches,0.31054243445396423,640,489,760,649,120,160,34.17143884999864,-86.55004911157675,242.0040084625244,2016-10-18T19:48:05.220200Z
downloaded_videos/0092_Bill_Williams_Rd_0.mp4,608,20.286933,1,patches,0.31723344326019287,619,470,758,649,139,179,34.17143179656565,-86.55004940803349,242.00522325846353,2016-10-18T19:48:05.286933Z
downloaded_videos/0092_Bill_Williams_Rd_0.mp4,611,20.387033,1,patches,0.3349588215351105,596,491,771,649,175,158,34.17142121641617,-86.5500498527186,242.00704545237224,2016-10-18T19:48:05.387033Z
downloaded_videos/0092_Bill_Williams_Rd_0.mp4,616,20.553867,1,patches,0.3222760558128357,592,473,774,649,182,176,34.171403582833705,-86.55005059386045,242.01008244222004,2016-10-18T19:48:05.553867Z
downloaded_videos/0092_Bill_Williams_Rd_0.mp4,619,20.653967,1,patches,0.4039689600467682,607,365,765,648,158,283,34.171393002684226,-86.55005103854556,242.01190463612875,2016-10-18T19:48:05.653967Z
downloaded_videos/0092_Bill_Williams_Rd_0.mp4,625,20.854167,2,alligator_crack,0.44681668281555176,617,364,763,648,146,284,34.17137184238527,-86.55005192791577,242.01554902394614,2016-10-18T19:48:05.854167Z
downloaded_videos/0092_Bill_Williams_Rd_0.mp4,635,21.187833,2,alligator_crack,0.3803040385246277,619,367,767,648,148,281,34.17133751986083,-86.55005295362324,242.0523505605062,2016-10-18T19:48:06.187833Z
downloaded_videos/0092_Bill_Williams_Rd_0.mp4,663,22.1221,1,patches,0.322661817073822,625,227,746,644,121,417,34.171243808090686,-86.55005482281278,242.19777427215575,2016-10-18T19:48:07.122100Z
downloaded_videos/0092_Bill_Williams_Rd_0.mp4,669,22.3223,2,alligator_crack,0.3962599039077759,609,333,758,644,149,311,34.17122420838475,-86.5500552087659,242.19412988433837,2016-10-18T19:48:07.322300Z
downloaded_videos/0092_Bill_Williams_Rd_0.mp4,670,22.355667,2,alligator_crack,0.5077453255653381,598,306,761,648,163,342,34.171220941767096,-86.55005527309142,242.1935224863688,2016-10-18T19:48:07.355667Z
downloaded_videos/0092_Bill_Williams_Rd_0.mp4,671,22.389033,2,alligator_crack,0.4185052216053009,603,314,766,648,163,334,34.17121767514944,-86.55005533741694,242.19291508839925,2016-10-18T19:48:07.389033Z
downloaded_videos/0092_Bill_Williams_Rd_0.mp4,672,22.4224,2,alligator_crack,0.43792346119880676,606,325,762,646,156,321,34.17121440853178,-86.55005540174245,242.1923076904297,2016-10-18T19:48:07.422400Z
downloaded_videos/0092_Bill_Williams_Rd_0.mp4,674,22.489133,2,alligator_crack,0.33735737204551697,611,346,764,646,153,300,34.171207875296474,-86.5500555303935,242.19109289449057,2016-10-18T19:48:07.489133Z
downloaded_videos/0092_Bill_Williams_Rd_0.mp4,680,22.689333,2,alligator_crack,0.32501891255378723,628,297,767,647,139,350,34.17118827559054,-86.55005591634661,242.18744850667318,2016-10-18T19:48:07.689333Z
downloaded_videos/0092_Bill_Williams_Rd_0.mp4,681,22.7227,2,alligator_crack,0.45671382546424866,607,317,771,646,164,329,34.171185008972884,-86.55005598067213,242.18684110870362,2016-10-18T19:48:07.722700Z
downloaded_videos/0092_Bill_Williams_Rd_0.mp4,683,22.789433,2,alligator_crack,0.33516865968704224,667,317,799,645,132,328,34.17117847573757,-86.55005610932317,242.1856263127645,2016-10-18T19:48:07.789433Z
downloaded_videos/0092_Bill_Williams_Rd_0.mp4,683,22.789433,2,alligator_crack,0.3326995074748993,659,317,779,645,120,328,34.17117847573757,-86.55005610932317,242.1856263127645,2016-10-18T19:48:07.789433Z
downloaded_videos/0092_Bill_Williams_Rd_0.mp4,691,23.056367,2,alligator_crack,0.44509997963905334,652,440,782,649,130,209,34.17115247036051,-86.5500567798391,242.17564961090088,2016-10-18T19:48:08.056367Z
downloaded_videos/0092_Bill_Williams_Rd_0.mp4,692,23.089733,2,alligator_crack,0.37008899450302124,649,474,799,648,150,174,34.17114927925542,-86.55005693645775,242.17201286010743,2016-10-18T19:48:08.089733Z
downloaded_videos/0092_Bill_Williams_Rd_0.mp4,693,23.1231,2,alligator_crack,0.3442992866039276,632,494,793,648,161,154,34.17114608815033,-86.5500570930764,242.16837610931395,2016-10-18T19:48:08.123100Z
downloaded_videos/0092_Bill_Williams_Rd_0.mp4,699,23.3233,2,alligator_crack,0.3590589463710785,621,489,753,648,132,159,34.17112694151979,-86.55005803278834,242.1465556045532,2016-10-18T19:48:08.323300Z
downloaded_videos/0092_Bill_Williams_Rd_0.mp4,716,23.890533,2,alligator_crack,0.3259144127368927,735,296,821,347,86,51,34.17107269273326,-86.55006069530546,242.08473084106444,2016-10-18T19:48:08.890533Z
downloaded_videos/0092_Bill_Williams_Rd_0.mp4,717,23.9239,2,alligator_crack,0.33599016070365906,738,304,836,359,98,55,34.17106950162817,-86.55006085192412,242.081094090271,2016-10-18T19:48:08.923900Z
downloaded_videos/0092_Bill_Williams_Rd_0.mp4,718,23.957267,2,alligator_crack,0.4208160638809204,739,313,831,366,92,53,34.17106631052308,-86.55006100854277,242.07745733947755,2016-10-18T19:48:08.957267Z
downloaded_videos/0092_Bill_Williams_Rd_0.mp4,719,23.990633,2,alligator_crack,0.4833555221557617,743,323,834,374,91,51,34.17106311941799,-86.55006116516144,242.07382058868407,2016-10-18T19:48:08.990633Z
downloaded_videos/0092_Bill_Williams_Rd_0.mp4,720,24.024,2,alligator_crack,0.5494628548622131,748,332,844,389,96,57,34.17106009326875,-86.55006124332547,242.090689453125,2016-10-18T19:48:09.024000Z
downloaded_videos/0092_Bill_Williams_Rd_0.mp4,721,24.057367,2,alligator_crack,0.5831278562545776,749,347,859,399,110,52,34.171057131498124,-86.55006129087042,242.11556120351156,2016-10-18T19:48:09.057367Z
downloaded_videos/0092_Bill_Williams_Rd_0.mp4,722,24.090733,2,alligator_crack,0.5005996227264404,748,358,901,414,153,56,34.17105416972749,-86.55006133841538,242.1404329538981,2016-10-18T19:48:09.090733Z
downloaded_videos/0092_Bill_Williams_Rd_0.mp4,723,24.1241,2,alligator_crack,0.4908362329006195,747,376,925,433,178,57,34.17105120795686,-86.55006138596032,242.16530470428467,2016-10-18T19:48:09.124100Z
downloaded_videos/0092_Bill_Williams_Rd_0.mp4,730,24.357667,2,alligator_crack,0.6758976578712463,806,558,971,646,165,88,34.17103047556244,-86.55006171877496,242.33940695699056,2016-10-18T19:48:09.357667Z
downloaded_videos/0092_Bill_Williams_Rd_0.mp4,731,24.391033,2,alligator_crack,0.40194937586784363,826,601,987,648,161,47,34.171027513791806,-86.55006176631991,242.3642787073771,2016-10-18T19:48:09.391033Z
downloaded_videos/0092_Bill_Williams_Rd_0.mp4,751,25.058367,2,alligator_crack,0.3737950325012207,995,392,1151,463,156,71,34.17096857680566,-86.55006248728372,242.82775495961508,2016-10-18T19:48:10.058367Z
downloaded_videos/0092_Bill_Williams_Rd_0.mp4,752,25.091733,2,alligator_crack,0.3319178521633148,1000,403,1150,476,150,73,34.1709657856375,-86.55006240338088,242.8332133951823,2016-10-18T19:48:10.091733Z
downloaded_videos/0092_Bill_Williams_Rd_0.mp4,753,25.1251,2,alligator_crack,0.3870681822299957,1020,414,1151,478,131,64,34.17096299446933,-86.55006231947802,242.83867183074952,2016-10-18T19:48:10.125100Z
downloaded_videos/0092_Bill_Williams_Rd_0.mp4,817,27.260567,2,alligator_crack,0.39553630352020264,1068,362,1152,438,84,76,34.17078118696343,-86.55005150145851,242.67359638875325,2016-10-18T19:48:12.260567Z
downloaded_videos/0092_Bill_Williams_Rd_0.mp4,820,27.360667,2,alligator_crack,0.676667332649231,571,333,699,627,128,294,34.170772335212675,-86.55005124974996,242.63902205403645,2016-10-18T19:48:12.360667Z
downloaded_videos/0092_Bill_Williams_Rd_0.mp4,821,27.394033,2,alligator_crack,0.6176327466964722,566,321,712,643,146,322,34.1707693846291,-86.55005116584711,242.62749727579754,2016-10-18T19:48:12.394033Z
downloaded_videos/0092_Bill_Williams_Rd_0.mp4,822,27.4274,2,alligator_crack,0.5937873125076294,565,324,703,647,138,323,34.17076643404551,-86.55005108194426,242.6159724975586,2016-10-18T19:48:12.427400Z
downloaded_videos/0092_Bill_Williams_Rd_0.mp4,823,27.460767,2,alligator_crack,0.3385604918003082,572,324,699,648,127,324,34.170763483461926,-86.5500509980414,242.60444771931967,2016-10-18T19:48:12.460767Z
downloaded_videos/0092_Bill_Williams_Rd_0.mp4,824,27.494133,2,alligator_crack,0.6403176188468933,567,330,712,647,145,317,34.17076053287834,-86.55005091413855,242.59292294108073,2016-10-18T19:48:12.494133Z
downloaded_videos/0092_Bill_Williams_Rd_0.mp4,826,27.560867,2,alligator_crack,0.3756159842014313,589,341,725,646,136,305,34.17075463171117,-86.55005074633286,242.56987338460286,2016-10-18T19:48:12.560867Z
downloaded_videos/0092_Bill_Williams_Rd_0.mp4,833,27.794433,2,alligator_crack,0.431072473526001,569,416,703,648,134,232,34.17073397762608,-86.5500501590129,242.48919993693033,2016-10-18T19:48:12.794433Z
downloaded_videos/0092_Bill_Williams_Rd_0.mp4,834,27.8278,2,alligator_crack,0.3660658299922943,565,432,710,648,145,216,34.17073102704249,-86.55005007511005,242.4776751586914,2016-10-18T19:48:12.827800Z
downloaded_videos/0092_Bill_Williams_Rd_0.mp4,834,27.8278,2,alligator_crack,0.3101324439048767,548,561,712,648,164,87,34.17073102704249,-86.55005007511005,242.4776751586914,2016-10-18T19:48:12.827800Z
downloaded_videos/0092_Bill_Williams_Rd_0.mp4,835,27.861167,2,alligator_crack,0.4705052971839905,494,591,631,648,137,57,34.17072807645891,-86.5500499912072,242.46615038045246,2016-10-18T19:48:12.861167Z
downloaded_videos/0092_Bill_Williams_Rd_0.mp4,844,28.161467,2,alligator_crack,0.6550588011741638,1063,439,1152,559,89,120,34.170700912177566,-86.55004892480001,242.45049293619792,2016-10-18T19:48:13.161467Z
downloaded_videos/0092_Bill_Williams_Rd_0.mp4,845,28.194833,2,alligator_crack,0.42168888449668884,1090,454,1153,529,63,75,34.1706978357397,-86.55004877657164,242.4571666768392,2016-10-18T19:48:13.194833Z
downloaded_videos/0092_Bill_Williams_Rd_0.mp4,853,28.461767,3,pothole,0.3585948646068573,490,372,579,646,89,274,34.170673224236815,-86.55004759074468,242.5105566019694,2016-10-18T19:48:13.461767Z
downloaded_videos/0092_Bill_Williams_Rd_0.mp4,939,31.3313,3,pothole,0.36749380826950073,953,473,1151,648,198,175,34.17040487770178,-86.55005149174389,241.75867877044678,2016-10-18T19:48:16.331300Z
downloaded_videos/0092_Bill_Williams_Rd_0.mp4,942,31.4314,3,pothole,0.33277127146720886,971,453,1150,647,179,194,34.170395698729905,-86.55005121486448,241.70226101989746,2016-10-18T19:48:16.431400Z
downloaded_videos/0092_Bill_Williams_Rd_0.mp4,956,31.898533,3,pothole,0.34073472023010254,1014,498,1130,648,116,150,34.17035286352783,-86.55004992276058,241.43897818400066,2016-10-18T19:48:16.898533Z
downloaded_videos/0092_Bill_Williams_Rd_0.mp4,957,31.9319,3,pothole,0.30172955989837646,994,488,1127,648,133,160,34.17034980387054,-86.55004983046744,241.4201722671509,2016-10-18T19:48:16.931900Z
downloaded_videos/0092_Bill_Williams_Rd_0.mp4,958,31.965267,3,pothole,0.3226924240589142,973,516,1149,648,176,132,34.170346744213255,-86.55004973817431,241.40136635030112,2016-10-18T19:48:16.965267Z
downloaded_videos/0092_Bill_Williams_Rd_0.mp4,972,32.4324,3,pothole,0.3694654703140259,930,446,1112,648,182,202,34.170305757422,-86.550050584428,241.29531148071288,2016-10-18T19:48:17.432400Z
downloaded_videos/0092_Bill_Williams_Rd_0.mp4,974,32.499133,3,pothole,0.3172924518585205,977,454,1148,647,171,193,34.17029992337711,-86.55005072985962,241.2819650177002,2016-10-18T19:48:17.499133Z
downloaded_videos/0092_Bill_Williams_Rd_0.mp4,981,32.7327,3,pothole,0.3533991575241089,976,485,1142,647,166,162,34.17027950422,-86.55005123887025,241.23525239715576,2016-10-18T19:48:17.732700Z
downloaded_videos/0092_Bill_Williams_Rd_0.mp4,1100,36.703333,2,alligator_crack,0.361117422580719,583,351,890,646,307,295,34.16991971824318,-86.55006297407672,239.51353322347006,2016-10-18T19:48:21.703333Z
downloaded_videos/0092_Bill_Williams_Rd_0.mp4,1104,36.8368,2,alligator_crack,0.3435519337654114,581,386,883,645,302,259,34.1699082403332,-86.55006349986792,239.33153581542967,2016-10-18T19:48:21.836800Z
downloaded_videos/0092_Bill_Williams_Rd_0.mp4,1104,36.8368,2,alligator_crack,0.31328725814819336,580,384,936,645,356,261,34.1699082403332,-86.55006349986792,239.33153581542967,2016-10-18T19:48:21.836800Z
downloaded_videos/0092_Bill_Williams_Rd_0.mp4,1106,36.903533,2,alligator_crack,0.38631999492645264,619,361,846,648,227,287,34.16990250137821,-86.55006376276351,239.2405371114095,2016-10-18T19:48:21.903533Z
downloaded_videos/0092_Bill_Williams_Rd_0.mp4,1109,37.003633,2,alligator_crack,0.33012545108795166,579,387,922,647,343,260,34.16989389751386,-86.55006415132061,239.105492477417,2016-10-18T19:48:22.003633Z
downloaded_videos/0092_Bill_Williams_Rd_0.mp4,1110,37.037,2,alligator_crack,0.3990599811077118,586,413,909,648,323,235,34.16989106998779,-86.55006422962994,239.07334060668944,2016-10-18T19:48:22.037000Z
downloaded_videos/0092_Bill_Williams_Rd_0.mp4,1111,37.070367,2,alligator_crack,0.5714804530143738,605,403,907,647,302,244,34.16988824246172,-86.55006430793927,239.04118873596192,2016-10-18T19:48:22.070367Z
downloaded_videos/0092_Bill_Williams_Rd_0.mp4,1113,37.1371,2,alligator_crack,0.3237461447715759,739,459,850,522,111,63,34.16988258740958,-86.55006446455792,238.97688499450683,2016-10-18T19:48:22.137100Z
downloaded_videos/0092_Bill_Williams_Rd_0.mp4,1114,37.170467,2,alligator_crack,0.4122084677219391,734,486,864,562,130,76,34.16987975988351,-86.55006454286725,238.9447331237793,2016-10-18T19:48:22.170467Z
downloaded_videos/0092_Bill_Williams_Rd_0.mp4,1192,39.773067,2,alligator_crack,0.3369356691837311,662,547,835,648,173,101,34.169676538713276,-86.55005112744122,237.02528642985027,2016-10-18T19:48:24.773067Z
downloaded_videos/0092_Bill_Williams_Rd_0.mp4,1193,39.806433,2,alligator_crack,0.3120088279247284,514,577,771,648,257,71,34.16967428172659,-86.55005069953668,237.00283714345295,2016-10-18T19:48:24.806433Z
downloaded_videos/0092_Bill_Williams_Rd_0.mp4,1331,44.411033,2,alligator_crack,0.334987074136734,534,534,716,648,182,114,34.16937946101464,-86.54996660127863,232.3062699895223,2016-10-18T19:48:29.411033Z
downloaded_videos/0092_Bill_Williams_Rd_0.mp4,1332,44.4444,2,alligator_crack,0.3143433630466461,540,554,737,648,197,94,34.169377296321095,-86.54996596361697,232.2868571838379,2016-10-18T19:48:29.444400Z
downloaded_videos/0092_Bill_Williams_Rd_0.mp4,1336,44.577867,2,alligator_crack,0.32872700691223145,738,204,796,226,58,22,34.169368637546896,-86.5499634129703,232.20920596110025,2016-10-18T19:48:29.577867Z
downloaded_videos/0092_Bill_Williams_Rd_0.mp4,1346,44.911533,2,alligator_crack,0.4489555060863495,749,214,838,247,89,33,34.1693469906114,-86.54995703635365,232.01507790425617,2016-10-18T19:48:29.911533Z
downloaded_videos/0092_Bill_Williams_Rd_0.mp4,1354,45.178467,2,alligator_crack,0.33821046352386475,458,398,676,514,218,116,34.16932910462469,-86.54995196497813,231.89546824747723,2016-10-18T19:48:30.178467Z
downloaded_videos/0092_Bill_Williams_Rd_0.mp4,1373,45.812433,2,alligator_crack,0.3996421992778778,675,369,856,645,181,276,34.16928595618531,-86.54993995568343,231.65341633809408,2016-10-18T19:48:30.812433Z
downloaded_videos/0092_Bill_Williams_Rd_0.mp4,1376,45.912533,2,alligator_crack,0.3059256076812744,926,464,1069,526,143,62,34.16927914327383,-86.549938059479,231.6151976155599,2016-10-18T19:48:30.912533Z
downloaded_videos/0092_Bill_Williams_Rd_0.mp4,1377,45.9459,2,alligator_crack,0.4167042374610901,939,470,1079,554,140,84,34.169276872303335,-86.54993742741085,231.60245804138182,2016-10-18T19:48:30.945900Z
downloaded_videos/0092_Bill_Williams_Rd_0.mp4,1378,45.979267,2,alligator_crack,0.38830244541168213,951,511,1114,581,163,70,34.169274601332845,-86.54993679534272,231.58971846720377,2016-10-18T19:48:30.979267Z
downloaded_videos/0092_Bill_Williams_Rd_0.mp4,1378,45.979267,2,alligator_crack,0.33298829197883606,956,471,1120,582,164,111,34.169274601332845,-86.54993679534272,231.58971846720377,2016-10-18T19:48:30.979267Z
downloaded_videos/0092_Bill_Williams_Rd_0.mp4,1386,46.2462,2,alligator_crack,0.44172534346580505,773,302,933,612,160,310,34.1692561652977,-86.54993662958779,231.53255936279297,2016-10-18T19:48:31.246200Z
downloaded_videos/0092_Bill_Williams_Rd_0.mp4,1390,46.379667,2,alligator_crack,0.5777424573898315,793,328,954,640,161,312,34.16924693598412,-86.5499367526453,231.50586440022786,2016-10-18T19:48:31.379667Z
downloaded_videos/0092_Bill_Williams_Rd_0.mp4,1391,46.413033,2,alligator_crack,0.3925607204437256,806,335,953,646,147,311,34.169244628655726,-86.54993678340968,231.4991906595866,2016-10-18T19:48:31.413033Z
downloaded_videos/0092_Bill_Williams_Rd_0.mp4,1392,46.4464,2,alligator_crack,0.3559640049934387,795,338,949,648,154,310,34.16924232132733,-86.54993681417406,231.4925169189453,2016-10-18T19:48:31.446400Z
downloaded_videos/0092_Bill_Williams_Rd_0.mp4,1396,46.579867,2,alligator_crack,0.31817126274108887,795,368,962,645,167,277,34.16923309201375,-86.54993693723156,231.4658219563802,2016-10-18T19:48:31.579867Z
downloaded_videos/0092_Bill_Williams_Rd_0.mp4,1399,46.679967,2,alligator_crack,0.3035915195941925,800,319,972,645,172,326,34.16922617002856,-86.54993702952471,231.44580073445638,2016-10-18T19:48:31.679967Z
downloaded_videos/0092_Bill_Williams_Rd_0.mp4,1417,47.280567,2,alligator_crack,0.3229089379310608,738,565,945,648,207,83,34.16918444998283,-86.54993838285561,231.3205746037801,2016-10-18T19:48:32.280567Z
downloaded_videos/0092_Bill_Williams_Rd_0.mp4,1447,48.281567,2,alligator_crack,0.5325923562049866,679,366,873,642,194,276,34.169114771313964,-86.5499416392697,231.05097549184163,2016-10-18T19:48:33.281567Z
downloaded_videos/0092_Bill_Williams_Rd_0.mp4,1449,48.3483,2,alligator_crack,0.33765876293182373,663,363,889,643,226,280,34.169110162250696,-86.54994176792074,231.0242815475464,2016-10-18T19:48:33.348300Z
downloaded_videos/0092_Bill_Williams_Rd_0.mp4,1449,48.3483,2,alligator_crack,0.3164966404438019,660,409,879,637,219,228,34.169110162250696,-86.54994176792074,231.0242815475464,2016-10-18T19:48:33.348300Z
downloaded_videos/0092_Bill_Williams_Rd_0.mp4,1450,48.381667,2,alligator_crack,0.3496414124965668,651,428,885,647,234,219,34.16910785771906,-86.54994183224626,231.01093457539875,2016-10-18T19:48:33.381667Z
downloaded_videos/0092_Bill_Williams_Rd_0.mp4,1450,48.381667,2,alligator_crack,0.32307004928588867,651,360,889,645,238,285,34.16910785771906,-86.54994183224626,231.01093457539875,2016-10-18T19:48:33.381667Z
downloaded_videos/0092_Bill_Williams_Rd_0.mp4,1451,48.415033,2,alligator_crack,0.35359999537467957,653,422,887,646,234,224,34.16910555318743,-86.54994189657178,230.99758760325113,2016-10-18T19:48:33.415033Z
downloaded_videos/0092_Bill_Williams_Rd_0.mp4,1452,48.4484,2,alligator_crack,0.39143532514572144,646,372,890,644,244,272,34.169103248655794,-86.5499419608973,230.98424063110352,2016-10-18T19:48:33.448400Z
downloaded_videos/0092_Bill_Williams_Rd_0.mp4,1453,48.481767,2,alligator_crack,0.3351335823535919,641,363,892,644,251,281,34.16910094412416,-86.54994202522282,230.9708936589559,2016-10-18T19:48:33.481767Z
downloaded_videos/0092_Bill_Williams_Rd_0.mp4,1460,48.715333,2,alligator_crack,0.6087132096290588,650,495,855,647,205,152,34.16908481240272,-86.54994247550145,230.87746485392253,2016-10-18T19:48:33.715333Z
downloaded_videos/0092_Bill_Williams_Rd_0.mp4,1461,48.7487,2,alligator_crack,0.38446393609046936,657,517,822,630,165,113,34.16908250787109,-86.54994253982697,230.86411788177492,2016-10-18T19:48:33.748700Z
downloaded_videos/0092_Bill_Williams_Rd_0.mp4,1462,48.782067,2,alligator_crack,0.6080116033554077,629,550,819,648,190,98,34.169080203339455,-86.54994260415249,230.85077090962727,2016-10-18T19:48:33.782067Z
downloaded_videos/0092_Bill_Williams_Rd_0.mp4,1629,54.3543,3,pothole,0.46989041566848755,750,213,897,643,147,430,34.168659813095815,-86.5500316697415,231.93689811706543,2016-10-18T19:48:39.354300Z
downloaded_videos/0092_Bill_Williams_Rd_0.mp4,1700,56.723333,2,alligator_crack,0.30210548639297485,442,550,527,636,85,86,34.168494620081034,-86.55008017960935,232.7102158610026,2016-10-18T19:48:41.723333Z
downloaded_videos/0092_Bill_Williams_Rd_0.mp4,1719,57.3573,2,alligator_crack,0.30585259199142456,378,313,607,641,229,328,34.168447189684954,-86.55008758346457,232.55053205566406,2016-10-18T19:48:42.357300Z
downloaded_videos/0092_Bill_Williams_Rd_0.mp4,1721,57.424033,2,alligator_crack,0.325188547372818,391,323,605,647,214,324,34.168442155513915,-86.55008812603634,232.51413501790364,2016-10-18T19:48:42.424033Z
downloaded_videos/0092_Bill_Williams_Rd_0.mp4,1722,57.4574,2,alligator_crack,0.5095441341400146,383,330,596,648,213,318,34.16843963842839,-86.55008839732223,232.49593649902343,2016-10-18T19:48:42.457400Z
downloaded_videos/0092_Bill_Williams_Rd_0.mp4,1730,57.724333,2,alligator_crack,0.41808241605758667,459,401,612,565,153,164,34.16841950174421,-86.55009056760929,232.35034834798176,2016-10-18T19:48:42.724333Z
downloaded_videos/0092_Bill_Williams_Rd_0.mp4,1732,57.791067,2,alligator_crack,0.3091360330581665,463,500,598,622,135,122,34.168414467573164,-86.55009111018106,232.31395131022134,2016-10-18T19:48:42.791067Z
downloaded_videos/0092_Bill_Williams_Rd_0.mp4,1734,57.8578,2,alligator_crack,0.654690146446228,485,444,626,648,141,204,34.16840943340212,-86.55009165275283,232.27755427246095,2016-10-18T19:48:42.857800Z
downloaded_videos/0092_Bill_Williams_Rd_0.mp4,1735,57.891167,2,alligator_crack,0.5310397148132324,499,469,632,570,133,101,34.1684069163166,-86.55009192403871,232.25935575358073,2016-10-18T19:48:42.891167Z
downloaded_videos/0092_Bill_Williams_Rd_0.mp4,1736,57.924533,2,alligator_crack,0.3736359775066376,509,497,635,582,126,85,34.16840439923108,-86.5500921953246,232.24115723470052,2016-10-18T19:48:42.924533Z
downloaded_videos/0092_Bill_Williams_Rd_0.mp4,1807,60.293567,2,alligator_crack,0.36022746562957764,638,542,735,616,97,74,34.168214033846745,-86.5500925782295,232.16320157623292,2016-10-18T19:48:45.293567Z
downloaded_videos/0092_Bill_Williams_Rd_0.mp4,1808,60.326933,2,alligator_crack,0.44499269127845764,646,576,758,648,112,72,34.16821130700409,-86.55009251390398,232.19413916015625,2016-10-18T19:48:45.326933Z
downloaded_videos/0092_Bill_Williams_Rd_0.mp4,1818,60.6606,2,alligator_crack,0.3947567641735077,593,348,753,633,160,285,34.1681840385776,-86.55009187064879,232.50351499938964,2016-10-18T19:48:45.660600Z
downloaded_videos/0092_Bill_Williams_Rd_0.mp4,1820,60.727333,3,pothole,0.42449238896369934,1047,466,1151,558,104,92,34.1681785848923,-86.55009174199775,232.56539016723633,2016-10-18T19:48:45.727333Z
downloaded_videos/0092_Bill_Williams_Rd_0.mp4,1822,60.794067,2,alligator_crack,0.5315037369728088,602,340,754,645,152,305,34.168173131207006,-86.55009161334671,232.627265335083,2016-10-18T19:48:45.794067Z
downloaded_videos/0092_Bill_Williams_Rd_0.mp4,1823,60.827433,2,alligator_crack,0.632853627204895,600,337,755,647,155,310,34.16817040436435,-86.55009154902119,232.65820291900636,2016-10-18T19:48:45.827433Z
downloaded_videos/0092_Bill_Williams_Rd_0.mp4,1824,60.8608,2,alligator_crack,0.486448734998703,602,272,749,646,147,374,34.16816767752171,-86.55009148469567,232.6891405029297,2016-10-18T19:48:45.860800Z
downloaded_videos/0092_Bill_Williams_Rd_0.mp4,1825,60.894167,2,alligator_crack,0.7870163321495056,593,285,760,647,167,362,34.168164950679056,-86.55009142037015,232.72007808685302,2016-10-18T19:48:45.894167Z
downloaded_videos/0092_Bill_Williams_Rd_0.mp4,1826,60.927533,2,alligator_crack,0.70366370677948,582,329,765,647,183,318,34.168162223836404,-86.55009135604463,232.75101567077638,2016-10-18T19:48:45.927533Z
downloaded_videos/0092_Bill_Williams_Rd_0.mp4,1827,60.9609,2,alligator_crack,0.6449612975120544,591,296,761,647,170,351,34.16815949699376,-86.55009129171911,232.78195325469972,2016-10-18T19:48:45.960900Z
downloaded_videos/0092_Bill_Williams_Rd_0.mp4,1828,60.994267,2,alligator_crack,0.7500890493392944,594,283,760,647,166,364,34.16815677015111,-86.5500912273936,232.81289083862305,2016-10-18T19:48:45.994267Z
downloaded_videos/0092_Bill_Williams_Rd_0.mp4,1829,61.027633,2,alligator_crack,0.5273668766021729,574,294,776,646,202,352,34.16815408036765,-86.55009134373162,232.82222470143637,2016-10-18T19:48:46.027633Z
downloaded_videos/0092_Bill_Williams_Rd_0.mp4,1831,61.094367,2,alligator_crack,0.4876990020275116,590,304,763,645,173,341,34.16814871617872,-86.55009165137541,232.83192779490153,2016-10-18T19:48:46.094367Z
downloaded_videos/0092_Bill_Williams_Rd_0.mp4,1837,61.294567,2,alligator_crack,0.4353398382663727,587,346,800,647,213,301,34.168132623611946,-86.55009257430676,232.86103707529705,2016-10-18T19:48:46.294567Z
downloaded_videos/0092_Bill_Williams_Rd_0.mp4,1838,61.327933,2,alligator_crack,0.465802937746048,574,356,791,647,217,291,34.168129941517485,-86.55009272812866,232.86588862202962,2016-10-18T19:48:46.327933Z
downloaded_videos/0092_Bill_Williams_Rd_0.mp4,1839,61.3613,2,alligator_crack,0.3576659560203552,595,318,785,648,190,330,34.168127259423024,-86.55009288195055,232.8707401687622,2016-10-18T19:48:46.361300Z
downloaded_videos/0092_Bill_Williams_Rd_0.mp4,1840,61.394667,2,alligator_crack,0.3136124014854431,596,355,778,649,182,294,34.16812457732856,-86.55009303577245,232.87559171549478,2016-10-18T19:48:46.394667Z
downloaded_videos/0092_Bill_Williams_Rd_0.mp4,1881,62.7627,2,alligator_crack,0.3814920485019684,641,356,861,647,220,291,34.16801071180031,-86.55009806389455,232.7001727722168,2016-10-18T19:48:47.762700Z
downloaded_videos/0092_Bill_Williams_Rd_0.mp4,1882,62.796067,2,alligator_crack,0.3075817823410034,640,364,878,646,238,282,34.16800785910338,-86.55009816178121,232.68864799397787,2016-10-18T19:48:47.796067Z
downloaded_videos/0092_Bill_Williams_Rd_0.mp4,1883,62.829433,2,alligator_crack,0.38077738881111145,646,374,871,646,225,272,34.16800500640645,-86.55009825966786,232.67712321573893,2016-10-18T19:48:47.829433Z
downloaded_videos/0092_Bill_Williams_Rd_0.mp4,1901,63.430033,2,alligator_crack,0.38168469071388245,661,260,842,645,181,385,34.16795279278234,-86.5501037703054,232.7276932703654,2016-10-18T19:48:48.430033Z
downloaded_videos/0092_Bill_Williams_Rd_0.mp4,1905,63.5635,2,alligator_crack,0.32592007517814636,638,278,858,646,220,368,34.16794111350551,-86.5501053253049,232.76167293548585,2016-10-18T19:48:48.563500Z
downloaded_videos/0092_Bill_Williams_Rd_0.mp4,1907,63.630233,2,alligator_crack,0.5364803075790405,627,313,861,645,234,332,34.1679352738671,-86.55010610280465,232.77866276804608,2016-10-18T19:48:48.630233Z
downloaded_videos/0092_Bill_Williams_Rd_0.mp4,1908,63.6636,2,alligator_crack,0.3145124316215515,621,333,866,647,245,314,34.16793235404789,-86.55010649155453,232.78715768432616,2016-10-18T19:48:48.663600Z
downloaded_videos/0092_Bill_Williams_Rd_0.mp4,1909,63.696967,2,alligator_crack,0.3178417980670929,622,311,872,645,250,334,34.16792943422869,-86.5501068803044,232.79565260060627,2016-10-18T19:48:48.696967Z
downloaded_videos/0092_Bill_Williams_Rd_0.mp4,1910,63.730333,2,alligator_crack,0.42875900864601135,616,362,868,646,252,284,34.16792651440948,-86.55010726905428,232.8041475168864,2016-10-18T19:48:48.730333Z
downloaded_videos/0092_Bill_Williams_Rd_0.mp4,1911,63.7637,2,alligator_crack,0.3112405836582184,627,364,858,646,231,282,34.16792359459028,-86.55010765780415,232.8126424331665,2016-10-18T19:48:48.763700Z
downloaded_videos/0092_Bill_Williams_Rd_0.mp4,1913,63.830433,2,alligator_crack,0.47954994440078735,605,323,877,648,272,325,34.167917754951866,-86.5501084353039,232.82963226572673,2016-10-18T19:48:48.830433Z
downloaded_videos/0092_Bill_Williams_Rd_0.mp4,1916,63.930533,2,alligator_crack,0.45094534754753113,625,356,880,647,255,291,34.167908995494244,-86.55010960155353,232.85511701456707,2016-10-18T19:48:48.930533Z
downloaded_videos/0092_Bill_Williams_Rd_0.mp4,1917,63.9639,2,alligator_crack,0.6936003565788269,619,345,873,647,254,302,34.16790607567504,-86.55010999030341,232.86361193084716,2016-10-18T19:48:48.963900Z
downloaded_videos/0092_Bill_Williams_Rd_0.mp4,1918,63.997267,2,alligator_crack,0.36348989605903625,617,360,872,648,255,288,34.16790315585583,-86.55011037905328,232.87210684712727,2016-10-18T19:48:48.997267Z
downloaded_videos/0092_Bill_Williams_Rd_0.mp4,1920,64.064,2,alligator_crack,0.3907940983772278,620,349,877,647,257,298,34.16789739131927,-86.55011140331627,232.9205087890625,2016-10-18T19:48:49.064000Z
downloaded_videos/0092_Bill_Williams_Rd_0.mp4,1922,64.130733,2,alligator_crack,0.6289253830909729,625,350,887,647,262,297,34.16789162999019,-86.55011243811809,232.97025228983563,2016-10-18T19:48:49.130733Z
downloaded_videos/0092_Bill_Williams_Rd_0.mp4,1923,64.1641,2,alligator_crack,0.43440353870391846,625,354,885,646,260,292,34.16788874932565,-86.550112955519,232.99512404022218,2016-10-18T19:48:49.164100Z
downloaded_videos/0092_Bill_Williams_Rd_0.mp4,1924,64.197467,2,alligator_crack,0.5600185394287109,629,350,878,648,249,298,34.1678858686611,-86.55011347291992,233.01999579060873,2016-10-18T19:48:49.197467Z
downloaded_videos/0092_Bill_Williams_Rd_0.mp4,1925,64.230833,2,alligator_crack,0.4150557219982147,634,345,877,646,243,301,34.16788298799656,-86.55011399032082,233.04486754099528,2016-10-18T19:48:49.230833Z
downloaded_videos/0092_Bill_Williams_Rd_0.mp4,1926,64.2642,2,alligator_crack,0.4962090253829956,644,349,872,647,228,298,34.167880107332024,-86.55011450772173,233.06973929138184,2016-10-18T19:48:49.264200Z
downloaded_videos/0092_Bill_Williams_Rd_0.mp4,1927,64.297567,2,alligator_crack,0.36808064579963684,633,356,863,647,230,291,34.16787722666748,-86.55011502512265,233.0946110417684,2016-10-18T19:48:49.297567Z
downloaded_videos/0092_Bill_Williams_Rd_0.mp4,1928,64.330933,2,alligator_crack,0.31908178329467773,644,361,854,646,210,285,34.16787434600294,-86.55011554252356,233.11948279215494,2016-10-18T19:48:49.330933Z
downloaded_videos/0092_Bill_Williams_Rd_0.mp4,1929,64.3643,2,alligator_crack,0.3596152365207672,642,365,861,647,219,282,34.16787146533839,-86.55011605992448,233.1443545425415,2016-10-18T19:48:49.364300Z
downloaded_videos/0092_Bill_Williams_Rd_0.mp4,1939,64.697967,3,pothole,0.4327899217605591,1030,470,1133,565,103,95,34.16784265869297,-86.55012123393361,233.39307204640707,2016-10-18T19:48:49.697967Z
downloaded_videos/0092_Bill_Williams_Rd_0.mp4,1940,64.731333,3,pothole,0.3010944426059723,1060,526,1152,608,92,82,34.16783977802843,-86.55012175133452,233.41794379679362,2016-10-18T19:48:49.731333Z
downloaded_videos/0092_Bill_Williams_Rd_0.mp4,1941,64.7647,3,pothole,0.4331493079662323,1087,512,1152,648,65,136,34.167836897363884,-86.55012226873544,233.44281554718017,2016-10-18T19:48:49.764700Z
downloaded_videos/0092_Bill_Williams_Rd_0.mp4,1953,65.1651,3,pothole,0.35478976368904114,1089,515,1151,648,62,133,34.167802107973024,-86.5501282976456,233.65122933502198,2016-10-18T19:48:50.165100Z
downloaded_videos/0092_Bill_Williams_Rd_0.mp4,2006,66.933533,2,alligator_crack,0.6347005367279053,650,361,878,645,228,284,34.16764604387619,-86.55015160198509,234.02189015401206,2016-10-18T19:48:51.933533Z
downloaded_videos/0092_Bill_Williams_Rd_0.mp4,2007,66.9669,2,alligator_crack,0.3234393000602722,655,262,847,639,192,377,34.167643082105556,-86.55015200471878,234.02917027435302,2016-10-18T19:48:51.966900Z
downloaded_videos/0092_Bill_Williams_Rd_0.mp4,2014,67.200467,2,alligator_crack,0.4572455585002899,626,361,848,647,222,286,34.167623626733196,-86.55015358043835,234.13847004903158,2016-10-18T19:48:52.200467Z
downloaded_videos/0092_Bill_Williams_Rd_0.mp4,2026,67.600867,2,alligator_crack,0.31498369574546814,630,386,835,555,205,169,34.16759063613228,-86.55015592971817,234.34235414937336,2016-10-18T19:48:52.600867Z
downloaded_videos/0092_Bill_Williams_Rd_0.mp4,2031,67.7677,2,alligator_crack,0.320412278175354,603,574,716,647,113,73,34.16757689004857,-86.55015690858475,234.42730585784912,2016-10-18T19:48:52.767700Z
downloaded_videos/0092_Bill_Williams_Rd_0.mp4,2035,67.901167,2,alligator_crack,0.7463316917419434,627,381,791,649,164,268,34.1675658931816,-86.55015769167804,234.4952672246297,2016-10-18T19:48:52.901167Z
downloaded_videos/0092_Bill_Williams_Rd_0.mp4,2036,67.934533,2,alligator_crack,0.4103805124759674,623,393,776,644,153,251,34.167563143964855,-86.55015788745135,234.51225756632488,2016-10-18T19:48:52.934533Z
downloaded_videos/0092_Bill_Williams_Rd_0.mp4,2037,67.9679,2,alligator_crack,0.6510860323905945,618,414,765,648,147,234,34.167560394748115,-86.55015808322467,234.52924790802,2016-10-18T19:48:52.967900Z
downloaded_videos/0092_Bill_Williams_Rd_0.mp4,2048,68.334933,2,alligator_crack,0.39801231026649475,732,520,840,620,108,100,34.167530012995,-86.55015883304179,235.0753916015625,2016-10-18T19:48:53.334933Z
downloaded_videos/0092_Bill_Williams_Rd_0.mp4,2049,68.3683,2,alligator_crack,0.4810633659362793,743,570,854,649,111,79,34.16752724979445,-86.55015888897702,235.1281710739136,2016-10-18T19:48:53.368300Z
downloaded_videos/0092_Bill_Williams_Rd_0.mp4,2050,68.401667,2,alligator_crack,0.40198543667793274,745,611,856,648,111,37,34.167524486593905,-86.55015894491225,235.18095054626465,2016-10-18T19:48:53.401667Z
downloaded_videos/0092_Bill_Williams_Rd_0.mp4,2102,70.136733,3,pothole,0.33658239245414734,142,532,272,648,130,116,34.167387644581495,-86.55016506518237,237.5416087931315,2016-10-18T19:48:55.136733Z
downloaded_videos/0092_Bill_Williams_Rd_0.mp4,2103,70.1701,3,pothole,0.32049721479415894,129,537,253,648,124,111,34.1673850379996,-86.5501651071338,237.5628437927246,2016-10-18T19:48:55.170100Z
downloaded_videos/0092_Bill_Williams_Rd_0.mp4,2109,70.3703,3,pothole,0.4245249629020691,130,540,309,648,179,108,34.16736939850822,-86.55016535884235,237.6902537902832,2016-10-18T19:48:55.370300Z
downloaded_videos/0092_Bill_Williams_Rd_0.mp4,2166,72.2722,3,pothole,0.31040605902671814,932,515,1081,648,149,133,34.167224832739684,-86.55016822127067,239.27079996643067,2016-10-18T19:48:57.272200Z
downloaded_videos/0092_Bill_Williams_Rd_0.mp4,2195,73.239833,2,alligator_crack,0.30308449268341064,594,439,746,563,152,124,34.16714572314173,-86.55017008052208,239.8000030517578,2016-10-18T19:48:58.239833Z
downloaded_videos/0092_Bill_Williams_Rd_0.mp4,2198,73.339933,2,alligator_crack,0.4918525516986847,620,548,746,648,126,100,34.167137198612096,-86.55016976169124,239.8000030517578,2016-10-18T19:48:58.339933Z
downloaded_videos/0092_Bill_Williams_Rd_0.mp4,2199,73.3733,2,alligator_crack,0.32935306429862976,629,587,767,648,138,61,34.16713435710221,-86.5501696554143,239.8000030517578,2016-10-18T19:48:58.373300Z
downloaded_videos/0092_Bill_Williams_Rd_0.mp4,2199,73.3733,2,alligator_crack,0.3215239346027374,610,560,763,648,153,88,34.16713435710221,-86.5501696554143,239.8000030517578,2016-10-18T19:48:58.373300Z
downloaded_videos/0092_Bill_Williams_Rd_0.mp4,2244,74.8748,2,alligator_crack,0.4507439434528351,553,350,769,647,216,297,34.16701066867635,-86.55016171998157,239.8000030517578,2016-10-18T19:48:59.874800Z
downloaded_videos/0092_Bill_Williams_Rd_0.mp4,2283,76.1761,2,alligator_crack,0.3836824595928192,595,283,796,646,201,363,34.166894291214646,-86.550155444392,239.91048678588868,2016-10-18T19:49:01.176100Z
downloaded_videos/0092_Bill_Williams_Rd_0.mp4,2284,76.209467,2,alligator_crack,0.3894643187522888,593,283,792,646,199,363,34.166891315460205,-86.55015517869964,239.924447265625,2016-10-18T19:49:01.209467Z
downloaded_videos/0092_Bill_Williams_Rd_0.mp4,2286,76.2762,2,alligator_crack,0.36742332577705383,606,289,804,646,198,357,34.16688536395132,-86.55015464731493,239.95236822509764,2016-10-18T19:49:01.276200Z
downloaded_videos/0092_Bill_Williams_Rd_0.mp4,2299,76.709967,2,alligator_crack,0.3272358477115631,564,331,806,648,242,317,34.16684667914361,-86.55015119331424,240.13385446166993,2016-10-18T19:49:01.709967Z
downloaded_videos/0092_Bill_Williams_Rd_0.mp4,2331,77.7777,2,alligator_crack,0.4325985312461853,858,409,946,463,88,54,34.16674839125667,-86.55014627639204,240.66458274230956,2016-10-18T19:49:02.777700Z
downloaded_videos/0092_Bill_Williams_Rd_0.mp4,2332,77.811067,2,alligator_crack,0.3768114447593689,868,422,965,481,97,59,34.16674528405443,-86.55014616452158,240.682146879069,2016-10-18T19:49:02.811067Z
downloaded_videos/0092_Bill_Williams_Rd_0.mp4,2333,77.844433,2,alligator_crack,0.4486351013183594,878,431,977,497,99,66,34.16674217685219,-86.5501460526511,240.69971101582846,2016-10-18T19:49:02.844433Z
downloaded_videos/0092_Bill_Williams_Rd_0.mp4,2335,77.911167,2,alligator_crack,0.3377824127674103,907,461,1024,539,117,78,34.16673596244771,-86.55014582891017,240.73483928934732,2016-10-18T19:49:02.911167Z
downloaded_videos/0092_Bill_Williams_Rd_0.mp4,2336,77.944533,2,alligator_crack,0.5677675604820251,927,484,1050,566,123,82,34.16673285524547,-86.5501457170397,240.75240342610678,2016-10-18T19:49:02.944533Z
downloaded_videos/0092_Bill_Williams_Rd_0.mp4,2337,77.9779,2,alligator_crack,0.6361613273620605,940,508,1067,593,127,85,34.16672974804323,-86.55014560516923,240.7699675628662,2016-10-18T19:49:02.977900Z
downloaded_videos/0092_Bill_Williams_Rd_0.mp4,2338,78.011267,2,alligator_crack,0.5504928231239319,963,529,1098,610,135,81,34.16672659551166,-86.5501454876326,240.7789329925537,2016-10-18T19:49:03.011267Z
downloaded_videos/0092_Bill_Williams_Rd_0.mp4,2339,78.044633,2,alligator_crack,0.5639927387237549,980,562,1140,643,160,81,34.16672335406486,-86.55014535898157,240.7710317276001,2016-10-18T19:49:03.044633Z
downloaded_videos/0092_Bill_Williams_Rd_0.mp4,2340,78.078,2,alligator_crack,0.3810018002986908,1016,576,1152,648,136,72,34.16672011261806,-86.55014523033053,240.76313046264647,2016-10-18T19:49:03.078000Z
downloaded_videos/0092_Bill_Williams_Rd_0.mp4,2377,79.312567,3,pothole,0.3248825967311859,722,508,815,648,93,140,34.166599864698014,-86.550141125218,240.36300977986653,2016-10-18T19:49:04.312567Z
downloaded_videos/0092_Bill_Williams_Rd_0.mp4,2378,79.345933,3,pothole,0.4741840660572052,726,524,818,648,92,124,34.16659658969007,-86.55014106648602,240.3436035929362,2016-10-18T19:49:04.345933Z
downloaded_videos/0092_Bill_Williams_Rd_0.mp4,2447,81.648233,2,alligator_crack,0.4516001343727112,640,378,762,476,122,98,34.16637596967537,-86.55013700432237,239.45194942423504,2016-10-18T19:49:06.648233Z
downloaded_videos/0092_Bill_Williams_Rd_0.mp4,2449,81.714967,2,alligator_crack,0.4266533851623535,630,414,728,483,98,69,34.16636975527089,-86.55013661836927,239.43860194295246,2016-10-18T19:49:06.714967Z
downloaded_videos/0092_Bill_Williams_Rd_0.mp4,2450,81.748333,2,alligator_crack,0.3719448745250702,626,446,736,513,110,67,34.16636664806865,-86.55013642539271,239.43192820231118,2016-10-18T19:49:06.748333Z
downloaded_videos/0092_Bill_Williams_Rd_0.mp4,2454,81.8818,2,alligator_crack,0.32116904854774475,601,599,725,648,124,49,34.166354219259695,-86.55013565348648,239.40523323974608,2016-10-18T19:49:06.881800Z
downloaded_videos/0092_Bill_Williams_Rd_0.mp4,2456,81.948533,2,alligator_crack,0.5996965765953064,625,391,730,471,105,80,34.166348004855216,-86.55013526753336,239.39188575846353,2016-10-18T19:49:06.948533Z
downloaded_videos/0092_Bill_Williams_Rd_0.mp4,2472,82.4824,2,alligator_crack,0.4733985364437103,577,264,761,638,184,374,34.16629756180197,-86.55013266512006,239.26735892333986,2016-10-18T19:49:07.482400Z
downloaded_videos/0092_Bill_Williams_Rd_0.mp4,2489,83.049633,2,alligator_crack,0.34579992294311523,780,257,915,328,135,71,34.16624372130632,-86.55013021715172,239.1168378189087,2016-10-18T19:49:08.049633Z
downloaded_videos/0092_Bill_Williams_Rd_0.mp4,2511,83.7837,2,alligator_crack,0.4484235346317291,661,360,823,630,162,270,34.1661718557179,-86.55013058632426,238.7034212753296,2016-10-18T19:49:08.783700Z
downloaded_videos/0092_Bill_Williams_Rd_0.mp4,2517,83.9839,2,alligator_crack,0.6399350762367249,682,270,874,647,192,377,34.16615225601196,-86.55013068700768,238.59067130889892,2016-10-18T19:49:08.983900Z
downloaded_videos/0092_Bill_Williams_Rd_0.mp4,2523,84.1841,2,alligator_crack,0.44865134358406067,707,272,919,625,212,353,34.1661340142414,-86.55013106545061,238.5481695831299,2016-10-18T19:49:09.184100Z
downloaded_videos/0092_Bill_Williams_Rd_0.mp4,2525,84.250833,2,alligator_crack,0.3119938373565674,699,288,928,643,229,355,34.166127973236144,-86.55013119969517,238.5360501352946,2016-10-18T19:49:09.250833Z
downloaded_videos/0092_Bill_Williams_Rd_0.mp4,2530,84.417667,2,alligator_crack,0.41285640001296997,696,342,954,645,258,303,34.16611287072301,-86.55013153530658,238.50575151570638,2016-10-18T19:49:09.417667Z
downloaded_videos/0092_Bill_Williams_Rd_0.mp4,2531,84.451033,2,alligator_crack,0.5153992176055908,687,326,941,645,254,319,34.16610985022038,-86.55013160242885,238.49969179178873,2016-10-18T19:49:09.451033Z
downloaded_videos/0092_Bill_Williams_Rd_0.mp4,2532,84.4844,2,alligator_crack,0.30411601066589355,692,349,935,645,243,296,34.166106829717755,-86.55013166955113,238.4936320678711,2016-10-18T19:49:09.484400Z
downloaded_videos/0092_Bill_Williams_Rd_0.mp4,2533,84.517767,2,alligator_crack,0.3211916387081146,686,338,947,646,261,308,34.16610380921513,-86.55013173667342,238.48757234395345,2016-10-18T19:49:09.517767Z
downloaded_videos/0092_Bill_Williams_Rd_0.mp4,2544,84.8848,2,alligator_crack,0.35263440012931824,670,377,883,646,213,269,34.166070583686235,-86.5501324750185,238.42091538085938,2016-10-18T19:49:09.884800Z
downloaded_videos/0092_Bill_Williams_Rd_0.mp4,2545,84.918167,2,alligator_crack,0.4395785331726074,680,375,878,647,198,272,34.1660675631836,-86.55013254214079,238.41485565694174,2016-10-18T19:49:09.918167Z
downloaded_videos/0092_Bill_Williams_Rd_0.mp4,2601,86.7867,2,alligator_crack,0.34453117847442627,588,354,798,645,210,291,34.165894094517455,-86.55014090104402,238.59022253112792,2016-10-18T19:49:11.786700Z
downloaded_videos/0092_Bill_Williams_Rd_0.mp4,2609,87.053633,2,alligator_crack,0.39321228861808777,628,268,811,646,183,378,34.16587032790761,-86.55014236610849,238.65826330871582,2016-10-18T19:49:12.053633Z
downloaded_videos/0092_Bill_Williams_Rd_0.mp4,2631,87.7877,2,alligator_crack,0.32237765192985535,640,365,861,646,221,281,34.165802953918465,-86.5501506724907,238.9518854949951,2016-10-18T19:49:12.787700Z
downloaded_videos/0092_Bill_Williams_Rd_0.mp4,2639,88.054633,2,alligator_crack,0.4049651324748993,609,341,848,647,239,306,34.16577850007918,-86.55015363346226,239.05966256713867,2016-10-18T19:49:13.054633Z
downloaded_videos/0092_Bill_Williams_Rd_0.mp4,2644,88.221467,3,pothole,0.34625083208084106,949,516,1074,647,125,131,34.165763327647,-86.55015533948689,239.12946496582032,2016-10-18T19:49:13.221467Z
downloaded_videos/0092_Bill_Williams_Rd_0.mp4,2648,88.354933,2,alligator_crack,0.4116511344909668,611,334,811,649,200,315,34.16575118970126,-86.5501567043066,239.18530688476562,2016-10-18T19:49:13.354933Z
downloaded_videos/0092_Bill_Williams_Rd_0.mp4,2649,88.3883,2,alligator_crack,0.35682788491249084,620,338,813,648,193,310,34.16574815521482,-86.55015704551153,239.19926736450196,2016-10-18T19:49:13.388300Z
downloaded_videos/0092_Bill_Williams_Rd_0.mp4,2651,88.455033,2,alligator_crack,0.4455706477165222,579,354,818,646,239,292,34.165742086241956,-86.55015772792139,239.22718832397462,2016-10-18T19:49:13.455033Z
downloaded_videos/0092_Bill_Williams_Rd_0.mp4,2651,88.455033,2,alligator_crack,0.3302793800830841,793,341,883,399,90,58,34.165742086241956,-86.55015772792139,239.22718832397462,2016-10-18T19:49:13.455033Z
downloaded_videos/0092_Bill_Williams_Rd_0.mp4,2652,88.4884,2,alligator_crack,0.3926323354244232,582,363,814,646,232,283,34.165739051755516,-86.55015806912631,239.24114880371093,2016-10-18T19:49:13.488400Z
downloaded_videos/0092_Bill_Williams_Rd_0.mp4,2656,88.621867,2,alligator_crack,0.5084946155548096,794,427,913,490,119,63,34.16572691380978,-86.550159433946,239.29699072265626,2016-10-18T19:49:13.621867Z
downloaded_videos/0092_Bill_Williams_Rd_0.mp4,2657,88.655233,2,alligator_crack,0.6762893795967102,796,454,920,518,124,64,34.16572387932334,-86.55015977515095,239.31095120239257,2016-10-18T19:49:13.655233Z
downloaded_videos/0092_Bill_Williams_Rd_0.mp4,2658,88.6886,2,alligator_crack,0.6116347312927246,798,483,929,552,131,69,34.165720844836905,-86.55016011635587,239.3249116821289,2016-10-18T19:49:13.688600Z
downloaded_videos/0092_Bill_Williams_Rd_0.mp4,2659,88.721967,1,patches,0.31818005442619324,809,519,946,589,137,70,34.16571781035047,-86.55016045756079,239.33887216186523,2016-10-18T19:49:13.721967Z
downloaded_videos/0092_Bill_Williams_Rd_0.mp4,2660,88.755333,1,patches,0.4635356366634369,809,562,965,635,156,73,34.16571477586403,-86.55016079876572,239.35283264160157,2016-10-18T19:49:13.755333Z
downloaded_videos/0092_Bill_Williams_Rd_0.mp4,2665,88.922167,2,alligator_crack,0.3041176199913025,563,223,774,648,211,425,34.16569960343186,-86.55016250479035,239.4226350402832,2016-10-18T19:49:13.922167Z
downloaded_videos/0092_Bill_Williams_Rd_0.mp4,2666,88.955533,2,alligator_crack,0.31908443570137024,561,223,774,647,213,424,34.16569656894542,-86.55016284599527,239.43659552001952,2016-10-18T19:49:13.955533Z
downloaded_videos/0092_Bill_Williams_Rd_0.mp4,2679,89.3893,2,alligator_crack,0.6186529994010925,545,320,768,648,223,328,34.16565888268221,-86.55016708587483,239.71743238067629,2016-10-18T19:49:14.389300Z
downloaded_videos/0092_Bill_Williams_Rd_0.mp4,2680,89.422667,2,alligator_crack,0.6700671911239624,548,285,764,647,216,362,34.16565599922091,-86.55016741029918,239.73990814208986,2016-10-18T19:49:14.422667Z
downloaded_videos/0092_Bill_Williams_Rd_0.mp4,2700,90.09,2,alligator_crack,0.3024710714817047,539,313,763,645,224,332,34.16559832999483,-86.55017385352403,240.24983032226564,2016-10-18T19:49:15.090000Z
downloaded_videos/0092_Bill_Williams_Rd_0.mp4,2706,90.2902,2,alligator_crack,0.48460766673088074,558,374,779,649,221,275,34.165581029227006,-86.55017569938674,240.51905679931642,2016-10-18T19:49:15.290200Z
downloaded_videos/0092_Bill_Williams_Rd_0.mp4,2788,93.026267,2,alligator_crack,0.31159713864326477,561,274,728,642,167,368,34.16536330221221,-86.55019883982092,242.939503902181,2016-10-18T19:49:18.026267Z
downloaded_videos/0092_Bill_Williams_Rd_0.mp4,2796,93.2932,2,alligator_crack,0.43923309445381165,200,495,519,648,319,153,34.165347304735334,-86.55019969003648,243.2352664916992,2016-10-18T19:49:18.293200Z
downloaded_videos/0092_Bill_Williams_Rd_0.mp4,2797,93.326567,2,alligator_crack,0.3978988826274872,164,520,500,648,336,128,34.16534530505072,-86.55019979631342,243.272236815389,2016-10-18T19:49:18.326567Z
downloaded_videos/0092_Bill_Williams_Rd_0.mp4,2798,93.359933,2,alligator_crack,0.396736741065979,584,308,750,646,166,338,34.165343305366115,-86.55019990259036,243.30920713907878,2016-10-18T19:49:18.359933Z
downloaded_videos/0092_Bill_Williams_Rd_0.mp4,2798,93.359933,2,alligator_crack,0.34992796182632446,173,537,495,648,322,111,34.165343305366115,-86.55019990259036,243.30920713907878,2016-10-18T19:49:18.359933Z
downloaded_videos/0092_Bill_Williams_Rd_0.mp4,2799,93.3933,2,alligator_crack,0.41999903321266174,564,324,754,645,190,321,34.1653413056815,-86.55020000886731,243.34617746276854,2016-10-18T19:49:18.393300Z
downloaded_videos/0092_Bill_Williams_Rd_0.mp4,2800,93.426667,2,alligator_crack,0.46140018105506897,584,328,762,645,178,317,34.165339305996895,-86.55020011514425,243.38314778645832,2016-10-18T19:49:18.426667Z
downloaded_videos/0092_Bill_Williams_Rd_0.mp4,2800,93.426667,2,alligator_crack,0.30856138467788696,146,610,426,648,280,38,34.165339305996895,-86.55020011514425,243.38314778645832,2016-10-18T19:49:18.426667Z
downloaded_videos/0092_Bill_Williams_Rd_0.mp4,2809,93.726967,2,alligator_crack,0.4126666188240051,548,464,734,648,186,184,34.16532130883541,-86.55020107163675,243.71588069966634,2016-10-18T19:49:18.726967Z
downloaded_videos/0092_Bill_Williams_Rd_0.mp4,2815,93.927167,2,alligator_crack,0.5139033794403076,512,531,718,648,206,117,34.16530931072775,-86.55020170929842,243.937702641805,2016-10-18T19:49:18.927167Z
downloaded_videos/0092_Bill_Williams_Rd_0.mp4,2816,93.960533,2,alligator_crack,0.38024190068244934,497,585,710,648,213,63,34.165307311043144,-86.55020181557536,243.9746729654948,2016-10-18T19:49:18.960533Z
downloaded_videos/0092_Bill_Williams_Rd_0.mp4,2816,93.960533,2,alligator_crack,0.319623202085495,497,564,710,648,213,84,34.165307311043144,-86.55020181557536,243.9746729654948,2016-10-18T19:49:18.960533Z
downloaded_videos/0092_Bill_Williams_Rd_0.mp4,2819,94.060633,2,alligator_crack,0.39542484283447266,978,431,1151,648,173,217,34.16530147970281,-86.55020168717019,244.02941280059815,2016-10-18T19:49:19.060633Z
downloaded_videos/0092_Bill_Williams_Rd_0.mp4,2821,94.127367,2,alligator_crack,0.3851701319217682,1025,454,1152,647,127,193,34.16529766491987,-86.55020140749403,244.04153123016357,2016-10-18T19:49:19.127367Z
downloaded_videos/0092_Bill_Williams_Rd_0.mp4,2822,94.160733,2,alligator_crack,0.548165500164032,1053,462,1153,647,100,185,34.1652957575284,-86.55020126765594,244.04759044494628,2016-10-18T19:49:19.160733Z
downloaded_videos/0092_Bill_Williams_Rd_0.mp4,2823,94.1941,2,alligator_crack,0.7647559642791748,1069,475,1154,647,85,172,34.16529385013692,-86.55020112781786,244.05364965972902,2016-10-18T19:49:19.194100Z
downloaded_videos/0092_Bill_Williams_Rd_0.mp4,2824,94.227467,2,alligator_crack,0.4891715347766876,1094,522,1152,647,58,125,34.16529194274545,-86.55020098797976,244.05970887451173,2016-10-18T19:49:19.227467Z
downloaded_videos/0092_Bill_Williams_Rd_0.mp4,2827,94.327567,2,alligator_crack,0.4832494854927063,543,490,720,646,177,156,34.165286220571026,-86.55020056846551,244.07788651885986,2016-10-18T19:49:19.327567Z
downloaded_videos/0092_Bill_Williams_Rd_0.mp4,2828,94.360933,2,alligator_crack,0.4529285430908203,527,525,717,648,190,123,34.165284313179555,-86.55020042862743,244.08394573364257,2016-10-18T19:49:19.360933Z
downloaded_videos/0092_Bill_Williams_Rd_0.mp4,2829,94.3943,2,alligator_crack,0.45862042903900146,539,540,717,648,178,108,34.165282405788076,-86.55020028878934,244.0900049484253,2016-10-18T19:49:19.394300Z
downloaded_videos/0092_Bill_Williams_Rd_0.mp4,2830,94.427667,2,alligator_crack,0.41924118995666504,549,568,730,648,181,80,34.165280498396605,-86.55020014895126,244.096064163208,2016-10-18T19:49:19.427667Z
downloaded_videos/0092_Bill_Williams_Rd_0.mp4,2831,94.461033,2,alligator_crack,0.4761764407157898,567,590,755,648,188,58,34.16527859100513,-86.55020000911318,244.10212337799072,2016-10-18T19:49:19.461033Z
downloaded_videos/0092_Bill_Williams_Rd_0.mp4,2833,94.527767,2,alligator_crack,0.5035756230354309,561,504,723,647,162,143,34.165274776222184,-86.55019972943701,244.11424180755614,2016-10-18T19:49:19.527767Z
downloaded_videos/0092_Bill_Williams_Rd_0.mp4,2837,94.661233,2,alligator_crack,0.4696884751319885,549,542,721,648,172,106,34.16526714665629,-86.55019917008467,244.138478666687,2016-10-18T19:49:19.661233Z
downloaded_videos/0092_Bill_Williams_Rd_0.mp4,2838,94.6946,2,alligator_crack,0.4560754597187042,568,543,718,648,150,105,34.16526523926482,-86.55019903024659,244.14453788146972,2016-10-18T19:49:19.694600Z
downloaded_videos/0092_Bill_Williams_Rd_0.mp4,2929,97.730967,1,patches,0.3413752317428589,189,486,353,580,164,94,34.165089631143026,-86.55020017215516,245.21802084299725,2016-10-18T19:49:22.730967Z
downloaded_videos/0092_Bill_Williams_Rd_0.mp4,2934,97.8978,2,alligator_crack,0.3226073980331421,618,319,810,642,192,323,34.165079017432404,-86.55020080142654,245.34227776794435,2016-10-18T19:49:22.897800Z
downloaded_videos/0092_Bill_Williams_Rd_0.mp4,2935,97.931167,2,alligator_crack,0.5113247632980347,610,314,796,642,186,328,34.16507689469028,-86.55020092728083,245.36712915293376,2016-10-18T19:49:22.931167Z
downloaded_videos/0092_Bill_Williams_Rd_0.mp4,2935,97.931167,2,alligator_crack,0.32627806067466736,1070,582,1152,648,82,66,34.16507689469028,-86.55020092728083,245.36712915293376,2016-10-18T19:49:22.931167Z
downloaded_videos/0092_Bill_Williams_Rd_0.mp4,2937,97.9979,2,alligator_crack,0.33863362669944763,614,319,797,644,183,325,34.16507264920603,-86.55020117898937,245.4168319229126,2016-10-18T19:49:22.997900Z
downloaded_videos/0092_Bill_Williams_Rd_0.mp4,2938,98.031267,2,alligator_crack,0.39671894907951355,618,329,803,643,185,314,34.1650704190135,-86.55020128387771,245.42464971110027,2016-10-18T19:49:23.031267Z
downloaded_videos/0092_Bill_Williams_Rd_0.mp4,2939,98.064633,2,alligator_crack,0.6318604946136475,605,338,800,645,195,307,34.16506818160415,-86.5502013873579,245.43132345174155,2016-10-18T19:49:23.064633Z
downloaded_videos/0092_Bill_Williams_Rd_0.mp4,2940,98.098,2,alligator_crack,0.5728883147239685,604,333,810,646,206,313,34.165065944194794,-86.55020149083808,245.43799719238282,2016-10-18T19:49:23.098000Z
downloaded_videos/0092_Bill_Williams_Rd_0.mp4,2941,98.131367,2,alligator_crack,0.7584447264671326,596,331,799,648,203,317,34.16506370678544,-86.55020159431827,245.4446709330241,2016-10-18T19:49:23.131367Z
downloaded_videos/0092_Bill_Williams_Rd_0.mp4,2942,98.164733,2,alligator_crack,0.68808513879776,587,348,808,647,221,299,34.165061469376084,-86.55020169779844,245.45134467366537,2016-10-18T19:49:23.164733Z
downloaded_videos/0092_Bill_Williams_Rd_0.mp4,2943,98.1981,2,alligator_crack,0.6872281432151794,596,334,810,648,214,314,34.16505923196674,-86.55020180127863,245.45801841430665,2016-10-18T19:49:23.198100Z
downloaded_videos/0092_Bill_Williams_Rd_0.mp4,2944,98.231467,2,alligator_crack,0.6975744962692261,601,336,814,648,213,312,34.16505699455738,-86.55020190475881,245.46469215494793,2016-10-18T19:49:23.231467Z
downloaded_videos/0092_Bill_Williams_Rd_0.mp4,2946,98.2982,2,alligator_crack,0.3050573170185089,552,358,804,647,252,289,34.16505251973867,-86.55020211171917,245.47803963623048,2016-10-18T19:49:23.298200Z
downloaded_videos/0092_Bill_Williams_Rd_0.mp4,2948,98.364933,2,alligator_crack,0.35687872767448425,555,367,791,647,236,280,34.16504804491997,-86.55020231867954,245.49138711751303,2016-10-18T19:49:23.364933Z
downloaded_videos/0092_Bill_Williams_Rd_0.mp4,2949,98.3983,2,alligator_crack,0.33851534128189087,577,371,793,647,216,276,34.165045807510616,-86.55020242215973,245.4980608581543,2016-10-18T19:49:23.398300Z
downloaded_videos/0092_Bill_Williams_Rd_0.mp4,2950,98.431667,2,alligator_crack,0.4953007698059082,563,377,781,647,218,270,34.16504357010126,-86.5502025256399,245.50473459879558,2016-10-18T19:49:23.431667Z
downloaded_videos/0092_Bill_Williams_Rd_0.mp4,2951,98.465033,2,alligator_crack,0.7198754549026489,550,382,763,647,213,265,34.16504133269191,-86.5502026291201,245.51140833943685,2016-10-18T19:49:23.465033Z
downloaded_videos/0092_Bill_Williams_Rd_0.mp4,2952,98.4984,2,alligator_crack,0.7039062976837158,542,394,753,647,211,253,34.16503909528255,-86.55020273260027,245.51808208007813,2016-10-18T19:49:23.498400Z
downloaded_videos/0092_Bill_Williams_Rd_0.mp4,2953,98.531767,2,alligator_crack,0.7799440622329712,538,401,758,647,220,246,34.165036857873204,-86.55020283608046,245.5247558207194,2016-10-18T19:49:23.531767Z
downloaded_videos/0092_Bill_Williams_Rd_0.mp4,2954,98.565133,2,alligator_crack,0.7277330160140991,534,392,757,648,223,256,34.16503462046385,-86.55020293956063,245.53142956136068,2016-10-18T19:49:23.565133Z
downloaded_videos/0092_Bill_Williams_Rd_0.mp4,2955,98.5985,2,alligator_crack,0.7330571413040161,522,410,760,647,238,237,34.165032383054495,-86.55020304304082,245.53810330200196,2016-10-18T19:49:23.598500Z
downloaded_videos/0092_Bill_Williams_Rd_0.mp4,2956,98.631867,2,alligator_crack,0.7214009761810303,528,434,767,648,239,214,34.16503014564514,-86.550203146521,245.54477704264323,2016-10-18T19:49:23.631867Z
downloaded_videos/0092_Bill_Williams_Rd_0.mp4,2957,98.665233,2,alligator_crack,0.4886115491390228,525,431,767,647,242,216,34.165027908235786,-86.55020325000119,245.5514507832845,2016-10-18T19:49:23.665233Z
downloaded_videos/0092_Bill_Williams_Rd_0.mp4,2958,98.6986,2,alligator_crack,0.3911994397640228,530,444,763,647,233,203,34.16502567082644,-86.55020335348136,245.55812452392578,2016-10-18T19:49:23.698600Z
downloaded_videos/0092_Bill_Williams_Rd_0.mp4,2959,98.731967,2,alligator_crack,0.4059754014015198,538,468,765,647,227,179,34.16502343341708,-86.55020345696155,245.56479826456706,2016-10-18T19:49:23.731967Z
downloaded_videos/0092_Bill_Williams_Rd_0.mp4,2960,98.765333,2,alligator_crack,0.3191385269165039,517,481,755,647,238,166,34.16502119600773,-86.55020356044173,245.57147200520834,2016-10-18T19:49:23.765333Z
downloaded_videos/0092_Bill_Williams_Rd_0.mp4,2961,98.7987,2,alligator_crack,0.44072890281677246,485,475,740,647,255,172,34.165018958598374,-86.55020366392192,245.5781457458496,2016-10-18T19:49:23.798700Z
downloaded_videos/0092_Bill_Williams_Rd_0.mp4,2967,98.9989,2,alligator_crack,0.44543716311454773,513,481,732,648,219,167,34.16500553414225,-86.55020428480302,245.61818818969726,2016-10-18T19:49:23.998900Z
downloaded_videos/0092_Bill_Williams_Rd_0.mp4,2968,99.032267,2,alligator_crack,0.4919567406177521,525,479,742,647,217,168,34.16500314257294,-86.5502045667842,245.62426766357422,2016-10-18T19:49:24.032267Z
downloaded_videos/0092_Bill_Williams_Rd_0.mp4,2969,99.065633,2,alligator_crack,0.5390387773513794,541,527,753,647,212,120,34.165000745748166,-86.55020485485066,245.63032687835693,2016-10-18T19:49:24.065633Z
downloaded_videos/0092_Bill_Williams_Rd_0.mp4,2971,99.132367,2,alligator_crack,0.35821086168289185,523,567,703,648,180,81,34.16499595209863,-86.55020543098357,245.64244530792237,2016-10-18T19:49:24.132367Z
downloaded_videos/0092_Bill_Williams_Rd_0.mp4,3003,100.2001,2,alligator_crack,0.405453085899353,588,564,754,648,166,84,34.16491806288064,-86.55021414594445,245.81104983215332,2016-10-18T19:49:25.200100Z
downloaded_videos/0092_Bill_Williams_Rd_0.mp4,3013,100.533767,2,alligator_crack,0.3183329701423645,584,485,809,647,225,162,34.164892108932136,-86.55021618758049,245.8294703338623,2016-10-18T19:49:25.533767Z
downloaded_videos/0092_Bill_Williams_Rd_0.mp4,3071,102.469033,2,alligator_crack,0.3120006322860718,650,358,820,645,170,287,34.16473296039551,-86.5502240650747,246.4086250946045,2016-10-18T19:49:27.469033Z
downloaded_videos/0092_Bill_Williams_Rd_0.mp4,3072,102.5024,2,alligator_crack,0.4527805745601654,647,326,828,645,181,319,34.16472998464108,-86.55022416016459,246.40923911132813,2016-10-18T19:49:27.502400Z
downloaded_videos/0092_Bill_Williams_Rd_0.mp4,3083,102.869433,2,alligator_crack,0.6199145913124084,675,426,848,648,173,222,34.16469725134224,-86.55022520615347,246.41599329528808,2016-10-18T19:49:27.869433Z
downloaded_videos/0092_Bill_Williams_Rd_0.mp4,3084,102.9028,2,alligator_crack,0.6372286677360535,689,442,855,647,166,205,34.1646942755878,-86.55022530124336,246.4166073120117,2016-10-18T19:49:27.902800Z
downloaded_videos/0092_Bill_Williams_Rd_0.mp4,3085,102.936167,2,alligator_crack,0.41779524087905884,687,456,862,647,175,191,34.16469129983336,-86.55022539633326,246.41722132873537,2016-10-18T19:49:27.936167Z
downloaded_videos/0092_Bill_Williams_Rd_0.mp4,3086,102.969533,2,alligator_crack,0.4496415853500366,675,484,849,648,174,164,34.16468832407892,-86.55022549142316,246.417835345459,2016-10-18T19:49:27.969533Z
downloaded_videos/0092_Bill_Williams_Rd_0.mp4,3087,103.0029,2,alligator_crack,0.35496222972869873,687,513,839,648,152,135,34.16468534686603,-86.55022559380531,246.41892266540526,2016-10-18T19:49:28.002900Z
downloaded_videos/0092_Bill_Williams_Rd_0.mp4,3088,103.036267,2,alligator_crack,0.4202985167503357,695,533,801,594,106,61,34.16468235433101,-86.55022577279806,246.4249823893229,2016-10-18T19:49:28.036267Z
downloaded_videos/0092_Bill_Williams_Rd_0.mp4,3089,103.069633,2,alligator_crack,0.47207358479499817,692,564,811,641,119,77,34.164679361796004,-86.55022595179081,246.43104211324055,2016-10-18T19:49:28.069633Z
downloaded_videos/0092_Bill_Williams_Rd_0.mp4,3090,103.103,2,alligator_crack,0.5003730058670044,706,609,829,648,123,39,34.164676369260995,-86.55022613078356,246.4371018371582,2016-10-18T19:49:28.103000Z
downloaded_videos/0092_Bill_Williams_Rd_0.mp4,3121,104.137367,2,alligator_crack,0.6448124051094055,659,546,792,616,133,70,34.16458459087461,-86.55023170258663,246.60253393859864,2016-10-18T19:49:29.137367Z
downloaded_videos/0092_Bill_Williams_Rd_0.mp4,3122,104.170733,2,alligator_crack,0.407879501581192,666,587,804,648,138,61,34.16458183886111,-86.55023188717291,246.60314795532227,2016-10-18T19:49:29.170733Z
downloaded_videos/0092_Bill_Williams_Rd_0.mp4,3124,104.237467,2,alligator_crack,0.31969699263572693,609,601,739,648,130,47,34.1645763348341,-86.55023225634545,246.60437598876953,2016-10-18T19:49:29.237467Z
downloaded_videos/0092_Bill_Williams_Rd_0.mp4,3126,104.3042,2,alligator_crack,0.381693571805954,650,339,755,416,105,77,34.16457083080709,-86.55023262551799,246.6056040222168,2016-10-18T19:49:29.304200Z
downloaded_videos/0092_Bill_Williams_Rd_0.mp4,3128,104.370933,2,alligator_crack,0.35022759437561035,657,362,752,438,95,76,34.16456532678008,-86.55023299469053,246.60683205566406,2016-10-18T19:49:29.370933Z
downloaded_videos/0092_Bill_Williams_Rd_0.mp4,3128,104.370933,2,alligator_crack,0.30266550183296204,1089,577,1151,647,62,70,34.16456532678008,-86.55023299469053,246.60683205566406,2016-10-18T19:49:29.370933Z
downloaded_videos/0092_Bill_Williams_Rd_0.mp4,3130,104.437667,2,alligator_crack,0.46125268936157227,652,387,763,477,111,90,34.16455982275307,-86.55023336386309,246.60806008911132,2016-10-18T19:49:29.437667Z
downloaded_videos/0092_Bill_Williams_Rd_0.mp4,3132,104.5044,2,alligator_crack,0.3345768451690674,646,426,782,529,136,103,34.16455431872606,-86.55023373303563,246.60928812255858,2016-10-18T19:49:29.504400Z
downloaded_videos/0092_Bill_Williams_Rd_0.mp4,3133,104.537767,2,alligator_crack,0.43117305636405945,650,451,776,564,126,113,34.16455156671256,-86.5502339176219,246.60990213928224,2016-10-18T19:49:29.537767Z
downloaded_videos/0092_Bill_Williams_Rd_0.mp4,3147,105.0049,2,alligator_crack,0.3990927040576935,693,607,845,648,152,41,34.16451306193415,-86.55023650429398,246.6192980178833,2016-10-18T19:49:30.004900Z
downloaded_videos/0092_Bill_Williams_Rd_0.mp4,3167,105.672233,1,patches,0.4069136679172516,968,405,1059,471,91,66,34.16446120997239,-86.55024053163082,246.7404823135376,2016-10-18T19:49:30.672233Z
downloaded_videos/0092_Bill_Williams_Rd_0.mp4,3168,105.7056,1,patches,0.37492480874061584,984,418,1080,492,96,74,34.1644586173743,-86.55024073299765,246.7465415283203,2016-10-18T19:49:30.705600Z
downloaded_videos/0092_Bill_Williams_Rd_0.mp4,3169,105.738967,1,patches,0.3248366713523865,991,443,1102,509,111,66,34.164456024776214,-86.5502409343645,246.75260074310302,2016-10-18T19:49:30.738967Z
downloaded_videos/0092_Bill_Williams_Rd_0.mp4,3171,105.8057,1,patches,0.39020678400993347,1034,489,1150,562,116,73,34.164450839580034,-86.55024133709819,246.76471917266846,2016-10-18T19:49:30.805700Z
downloaded_videos/0092_Bill_Williams_Rd_0.mp4,3172,105.839067,1,patches,0.5082104802131653,1056,512,1152,586,96,74,34.16444824698195,-86.55024153846502,246.77077838745117,2016-10-18T19:49:30.839067Z
downloaded_videos/0092_Bill_Williams_Rd_0.mp4,3174,105.9058,1,patches,0.3243800103664398,1040,500,1152,645,112,145,34.164443061785775,-86.5502419411987,246.7828968170166,2016-10-18T19:49:30.905800Z
downloaded_videos/0092_Bill_Williams_Rd_0.mp4,3180,106.106,2,alligator_crack,0.38262173533439636,540,565,871,648,331,83,34.16442820809782,-86.55024279400706,246.79805242919923,2016-10-18T19:49:31.106000Z
downloaded_videos/0092_Bill_Williams_Rd_0.mp4,3221,107.474033,2,alligator_crack,0.3076099753379822,1016,304,1152,440,136,136,34.16433840036113,-86.55024701962061,246.67807252349854,2016-10-18T19:49:32.474033Z
downloaded_videos/0092_Bill_Williams_Rd_0.mp4,3323,110.877433,2,alligator_crack,0.30316081643104553,1017,353,1152,635,135,282,34.164228347366674,-86.55024905948248,246.95548504943847,2016-10-18T19:49:35.877433Z
downloaded_videos/0092_Bill_Williams_Rd_0.mp4,3324,110.9108,2,alligator_crack,0.34570637345314026,1022,357,1152,636,130,279,34.16422769292444,-86.55024907905981,246.9676034790039,2016-10-18T19:49:35.910800Z
downloaded_videos/0092_Bill_Williams_Rd_0.mp4,3324,110.9108,2,alligator_crack,0.3112034201622009,1020,348,1152,550,132,202,34.16422769292444,-86.55024907905981,246.9676034790039,2016-10-18T19:49:35.910800Z
downloaded_videos/0092_Bill_Williams_Rd_0.mp4,3367,112.345567,2,alligator_crack,0.3175492584705353,129,519,371,647,242,128,34.16419725879561,-86.5502402473418,247.0,2016-10-18T19:49:37.345567Z
downloaded_videos/0092_Bill_Williams_Rd_0.mp4,3369,112.4123,2,alligator_crack,0.40232914686203003,128,524,382,648,254,124,34.16419532903004,-86.5502397942664,247.0,2016-10-18T19:49:37.412300Z
downloaded_videos/0092_Bill_Williams_Rd_0.mp4,3369,112.4123,2,alligator_crack,0.3387315273284912,127,525,400,648,273,123,34.16419532903004,-86.5502397942664,247.0,2016-10-18T19:49:37.412300Z
downloaded_videos/0092_Bill_Williams_Rd_0.mp4,3378,112.7126,2,alligator_crack,0.33221635222435,128,572,317,648,189,76,34.16418664508499,-86.55023775542713,247.0,2016-10-18T19:49:37.712600Z
